BodyType,Make,GenModel,Model,Fuel,Period,Licensed,SORN
Buses and coaches,AIXAM,AIXAM MODEL MISSING,MISSING,Diesel,2023-2024/Q1,4.0,1.0
Buses and coaches,ALBION,ALBION MODEL MISSING,MISSING,Diesel,2023-2024/Q1,32.0,13.0
Buses and coaches,ALBION,ALBION MODEL MISSING,MISSING,Petrol,2023-2024/Q1,9.0,2.0
Buses and coaches,ALEXANDER DENNIS,ALEXANDER DENNIS MODEL MISSING,MISSING,Battery electric,2023-2024/Q1,4.0,1.0
Buses and coaches,ALEXANDER DENNIS,ALEXANDER DENNIS MODEL MISSING,MISSING,Diesel,2023-2024/Q1,15366.0,1034.0
Cars,ABARTH,ABARTH 124,124 GT MULTIAIR,Petrol,2023-2024/Q1,17.0,3.0
Cars,ABARTH,ABARTH 124,124 GT MULTIAIR AUTO,Petrol,2023-2024/Q1,25.0,2.0
Cars,ABARTH,ABARTH 500,500,Petrol,2023-2024/Q1,3878.0,273.0
Cars,ABARTH,ABARTH 500,500 C,Petrol,2023-2024/Q1,143.0,5.0
Cars,ABARTH,ABARTH 500,500 C S-A,Petrol,2023-2024/Q1,367.0,38.0
Cars,ABARTH,ABARTH 500,500 CUSTOM,Petrol,2023-2024/Q1,341.0,7.0
Cars,ABARTH,ABARTH 500,500 CUSTOM S-A,Petrol,2023-2024/Q1,96.0,4.0
Cars,ABARTH,ABARTH 500,500 S-A,Petrol,2023-2024/Q1,78.0,4.0
Cars,ABARTH,ABARTH 500,500C,Petrol,2023-2024/Q1,131.0,1.0
Cars,ABARTH,ABARTH 500,500C CUSTOM,Petrol,2023-2024/Q1,42.0,1.0
Cars,ABARTH,ABARTH 500,500C CUSTOM S-A,Petrol,2023-2024/Q1,39.0,0.0
Cars,ABARTH,ABARTH 500,500C S-A,Petrol,2023-2024/Q1,14.0,1.0
Cars,ABARTH,ABARTH 595,595,Petrol,2023-2024/Q1,6626.0,76.0
Cars,ABARTH,ABARTH 595,595 50 ANNIVERSARIO S-A,Petrol,2023-2024/Q1,34.0,5.0
Cars,ABARTH,ABARTH 595,595 COMPETIZIONE,Petrol,2023-2024/Q1,3627.0,75.0
Cars,ABARTH,ABARTH 595,595 COMPETIZIONE S-A,Petrol,2023-2024/Q1,351.0,11.0
Cars,ABARTH,ABARTH 595,595 ESSEESSE,Petrol,2023-2024/Q1,260.0,7.0
Cars,ABARTH,ABARTH 595,595 ESSEESSE S-A,Petrol,2023-2024/Q1,1.0,
Cars,ABARTH,ABARTH 595,595 MONSTER YAMAHA,Petrol,2023-2024/Q1,110.0,2.0
Cars,ABARTH,ABARTH 595,595 PISTA,Petrol,2023-2024/Q1,2.0,
Cars,ABARTH,ABARTH 595,595 PISTA 70TH ANNIVERSARY,Petrol,2023-2024/Q1,203.0,3.0
Cars,ABARTH,ABARTH 595,595 PISTA 70TH ANNIVERSARY S-A,Petrol,2023-2024/Q1,4.0,
Cars,ABARTH,ABARTH 595,595 PISTA S-A,Petrol,2023-2024/Q1,1.0,
Cars,ABARTH,ABARTH 595,595 S-A,Petrol,2023-2024/Q1,251.0,4.0
Cars,ABARTH,ABARTH 595,595 SCORPIONEORO,Petrol,2023-2024/Q1,215.0,3.0
Cars,ABARTH,ABARTH 595,595 TROFEO,Petrol,2023-2024/Q1,1014.0,18.0
Cars,ABARTH,ABARTH 595,595 TURISMO,Petrol,2023-2024/Q1,4163.0,52.0
Cars,ABARTH,ABARTH 595,595 TURISMO S-A,Petrol,2023-2024/Q1,573.0,13.0
Cars,ABARTH,ABARTH 595,595 YAMAHA FACTORY RACING,Petrol,2023-2024/Q1,123.0,3.0
Cars,ABARTH,ABARTH 595,595C,Petrol,2023-2024/Q1,756.0,11.0
Cars,ABARTH,ABARTH 595,595C COMPETIZIONE,Petrol,2023-2024/Q1,421.0,14.0
Cars,ABARTH,ABARTH 595,595C COMPETIZIONE S-A,Petrol,2023-2024/Q1,223.0,15.0
Cars,ABARTH,ABARTH 595,595C ESSEESSE,Petrol,2023-2024/Q1,14.0,
Cars,ABARTH,ABARTH 595,595C ESSEESSE S-A,Petrol,2023-2024/Q1,1.0,
Cars,ABARTH,ABARTH 595,595C PISTA,Petrol,2023-2024/Q1,1.0,
Cars,ABARTH,ABARTH 595,595C PISTA 70TH ANNIVERSARY,Petrol,2023-2024/Q1,39.0,0.0
Cars,ABARTH,ABARTH 595,595C PISTA 70TH ANNIVERSARY SA,Petrol,2023-2024/Q1,1.0,1.0
Cars,ABARTH,ABARTH 595,595C PISTA S-A,Petrol,2023-2024/Q1,1.0,
Cars,ABARTH,ABARTH 595,595C S-A,Petrol,2023-2024/Q1,64.0,0.0
Cars,ABARTH,ABARTH 595,595C TROFEO,Petrol,2023-2024/Q1,80.0,1.0
Cars,ABARTH,ABARTH 595,595C TURISMO,Petrol,2023-2024/Q1,862.0,13.0
Cars,ABARTH,ABARTH 595,595C TURISMO S-A,Petrol,2023-2024/Q1,264.0,5.0
Cars,ABARTH,ABARTH 695,695,Petrol,2023-2024/Q1,51.0,0.0
Cars,ABARTH,ABARTH 695,695 70TH ANNIVERSARY,Petrol,2023-2024/Q1,49.0,2.0
Cars,ABARTH,ABARTH 695,695 ANNIVERSARIO,Petrol,2023-2024/Q1,3.0,1.0
Cars,ABARTH,ABARTH 695,695 BIPOSTO,Petrol,2023-2024/Q1,16.0,13.0
Cars,ABARTH,ABARTH 695,695 BIPOSTO RECORD,Petrol,2023-2024/Q1,17.0,10.0
Cars,ABARTH,ABARTH 695,695 COMPETIZIONE S-A,Petrol,2023-2024/Q1,3.0,
Cars,ABARTH,ABARTH 695,695 EDIZIONE MASERATI S-A,Petrol,2023-2024/Q1,8.0,7.0
Cars,ABARTH,ABARTH 695,695 ESSEESSE,Petrol,2023-2024/Q1,44.0,1.0
Cars,ABARTH,ABARTH 695,695 RIVALE,Petrol,2023-2024/Q1,154.0,6.0
Cars,ABARTH,ABARTH 695,695 RIVALE S-A,Petrol,2023-2024/Q1,26.0,0.0
Cars,ABARTH,ABARTH 695,695 S-A,Petrol,2023-2024/Q1,13.0,
Cars,ABARTH,ABARTH 695,695 TRIBUTO 131 RALLY,Petrol,2023-2024/Q1,21.0,1.0
Cars,ABARTH,ABARTH 695,695 TURISMO,Petrol,2023-2024/Q1,2.0,
Cars,ABARTH,ABARTH 695,695 TURISMO S-A,Petrol,2023-2024/Q1,10.0,
Cars,ABARTH,ABARTH 695,695 XSR YAMAHA LIMITED EDITION,Petrol,2023-2024/Q1,98.0,5.0
Cars,ABARTH,ABARTH 695,695C,Petrol,2023-2024/Q1,1.0,
Cars,ABARTH,ABARTH 695,695C COMPETIZIONE S-A,Petrol,2023-2024/Q1,5.0,
Cars,ABARTH,ABARTH 695,695C RIVALE,Petrol,2023-2024/Q1,68.0,7.0
Cars,ABARTH,ABARTH 695,695C RIVALE S-A,Petrol,2023-2024/Q1,39.0,4.0
Cars,ABARTH,ABARTH 695,695C TURISMO,Petrol,2023-2024/Q1,5.0,
Cars,ABARTH,ABARTH 695,695C TURISMO S-A,Petrol,2023-2024/Q1,13.0,
Cars,ABARTH,ABARTH 695,695C XSR YAMAHA LIMITED ED,Petrol,2023-2024/Q1,16.0,1.0
Cars,ABARTH,ABARTH F595,F595,Petrol,2023-2024/Q1,312.0,1.0
Cars,ABARTH,ABARTH F595,F595 S-A,Petrol,2023-2024/Q1,16.0,2.0
Cars,ABARTH,ABARTH F595,F595C,Petrol,2023-2024/Q1,46.0,2.0
Cars,ABARTH,ABARTH F595,F595C S-A,Petrol,2023-2024/Q1,3.0,
Cars,ABARTH,ABARTH MODEL MISSING,MISSING,Diesel,2023-2024/Q1,0.0,
Cars,ABARTH,ABARTH MODEL MISSING,MISSING,Petrol,2023-2024/Q1,28.0,11.0
Cars,ABARTH,ABARTH PUNTO,GRANDE PUNTO,Petrol,2023-2024/Q1,1.0,
Cars,ABARTH,ABARTH PUNTO,GRANDE PUNTO 155 BHP,Gas,2023-2024/Q1,1.0,
Cars,ABARTH,ABARTH PUNTO,GRANDE PUNTO 155 BHP,Petrol,2023-2024/Q1,242.0,54.0
Cars,ABARTH,ABARTH PUNTO,PUNTO EVO,Petrol,2023-2024/Q1,233.0,44.0
Cars,ABARTH,ABARTH PUNTO,PUNTO EVO SUPERSPORT,Petrol,2023-2024/Q1,115.0,8.0
Cars,ABARTH,ABARTH SPIDER,124 SPIDER MULTIAIR,Petrol,2023-2024/Q1,988.0,22.0
Cars,ABARTH,ABARTH SPIDER,124 SPIDER MULTIAIR AUTO,Petrol,2023-2024/Q1,661.0,17.0
Cars,ABARTH,ABARTH SPIDER,124 SPIDER SCORPIONE MULTIAIR,Petrol,2023-2024/Q1,61.0,1.0
Cars,AC,AC MODEL MISSING,MISSING,Diesel,2023-2024/Q1,1.0,
Cars,AC,AC MODEL MISSING,MISSING,Petrol,2023-2024/Q1,193.0,94.0
Cars,AC (ELECTRIC),AC (ELECTRIC) MODEL MISSING,MISSING,Petrol,2023-2024/Q1,187.0,66.0
Cars,ACCESS,ACCESS MODEL MISSING,MISSING,Diesel,2023-2024/Q1,2.0,
Cars,ACCESS,ACCESS MODEL MISSING,MISSING,Petrol,2023-2024/Q1,3.0,2.0
Cars,ACURA,ACURA CL,CL AUTO,Petrol,2023-2024/Q1,0.0,
Cars,ACURA,ACURA MDX,MDX AUTO,Petrol,2023-2024/Q1,1.0,1.0
Cars,ACURA,ACURA MODEL MISSING,MISSING,Petrol,2023-2024/Q1,22.0,22.0
Cars,ACURA,ACURA RL,RL AUTO,Petrol,2023-2024/Q1,0.0,
Cars,ACURA,ACURA TL,TL AUTO,Petrol,2023-2024/Q1,2.0,
Cars,ADLY,ADLY ATV 320,ATV-320 (QUAD),Petrol,2023-2024/Q1,0.0,
Cars,ADLY,ADLY CAT 50,CAT 50,Petrol,2023-2024/Q1,0.0,
Cars,ADRIA,ADRIA MODEL MISSING,MISSING,Diesel,2023-2024/Q1,0.0,
Cars,AEON,AEON COBRA,COBRA 180 (QUAD),Petrol,2023-2024/Q1,0.0,1.0
Cars,AEON,AEON MODEL MISSING,MISSING,Diesel,2023-2024/Q1,0.0,
Cars,AEON,AEON MODEL MISSING,MISSING,Petrol,2023-2024/Q1,2.0,16.0
Cars,AEON,AEON OVERLAND,OVERLAND,Petrol,2023-2024/Q1,0.0,0.0
Cars,AGRIFAC,AGRIFAC MODEL MISSING,MISSING,Petrol,2023-2024/Q1,2.0,
Cars,AIE,AIE QUADZILLA,QUADZILLA 4-CROSS SUV 200E,Petrol,2023-2024/Q1,0.0,1.0
Cars,AIXAM,AIXAM 400,400 SUPERLUXE AUTO,Diesel,2023-2024/Q1,0.0,1.0
Cars,AIXAM,AIXAM 500,500 E AUTO,Diesel,2023-2024/Q1,0.0,10.0
Cars,AIXAM,AIXAM 500,500 ECO MINIVAN,Diesel,2023-2024/Q1,0.0,1.0
Cars,AIXAM,AIXAM 500,500 L AUTO,Diesel,2023-2024/Q1,0.0,2.0
Cars,AIXAM,AIXAM 500,500 L AUTO,Petrol,2023-2024/Q1,0.0,0.0
Cars,AIXAM,AIXAM 500,500 LUXE,Diesel,2023-2024/Q1,0.0,
Cars,AIXAM,AIXAM 500,500 LUXE,Petrol,2023-2024/Q1,0.0,0.0
Cars,AIXAM,AIXAM 500,500 LUXE MINIVAN,Diesel,2023-2024/Q1,0.0,
Cars,AIXAM,AIXAM 500,500 SL AUTO,Diesel,2023-2024/Q1,7.0,41.0
Cars,AIXAM,AIXAM 500,500 SL AUTO,Petrol,2023-2024/Q1,2.0,11.0
Cars,AIXAM,AIXAM 500,500 SUPER LUXE,Diesel,2023-2024/Q1,0.0,1.0
Cars,AIXAM,AIXAM 500,500 SUPER LUXE,Petrol,2023-2024/Q1,1.0,17.0
Cars,AIXAM,AIXAM 500,500 SUPER LUXE MINIVAN,Diesel,2023-2024/Q1,0.0,3.0
Cars,AIXAM,AIXAM 500,500 UT AUTO,Diesel,2023-2024/Q1,1.0,3.0
Cars,AIXAM,AIXAM 500,500.5 ECO,Diesel,2023-2024/Q1,0.0,0.0
Cars,AIXAM,AIXAM 500,500.5 LUXE,Diesel,2023-2024/Q1,0.0,2.0
Cars,AIXAM,AIXAM 500,500.5 LUXE MINIVAN,Petrol,2023-2024/Q1,0.0,1.0
Cars,AIXAM,AIXAM 500,500.5 SUPER LUXE,Diesel,2023-2024/Q1,2.0,13.0
Cars,AIXAM,AIXAM 500,500.5 SUPER LUXE,Petrol,2023-2024/Q1,0.0,5.0
Cars,AIXAM,AIXAM 500,500.5 SUPER LUXE MINIVAN,Petrol,2023-2024/Q1,0.0,6.0
Cars,AIXAM,AIXAM A751,A751 SUPER LUXE,Diesel,2023-2024/Q1,12.0,37.0
Cars,AIXAM,AIXAM A751,A751 SUPER LUXE,Petrol,2023-2024/Q1,21.0,50.0
Cars,AIXAM,AIXAM COUPE,COUPE S,Diesel,2023-2024/Q1,14.0,12.0
Cars,AIXAM,AIXAM CROSSLINE,CROSSLINE MINAUTO CVT,Petrol,2023-2024/Q1,35.0,6.0
Cars,AIXAM,AIXAM CROSSLINE,CROSSLINE PACK,Petrol,2023-2024/Q1,1.0,
Cars,AIXAM,AIXAM CROSSLINE,CROSSLINE PREMIUM GT CVT,Diesel,2023-2024/Q1,56.0,1.0
Cars,AIXAM,AIXAM CROSSLINE,CROSSLINE SUPER LUXE,Diesel,2023-2024/Q1,46.0,23.0
Cars,AIXAM,AIXAM CROSSLINE,CROSSLINE SUPER LUXE,Petrol,2023-2024/Q1,153.0,71.0
Cars,AIXAM,AIXAM CROSSLINE,CROSSLINE SUPER LUXE D CVT,Diesel,2023-2024/Q1,16.0,2.0
Cars,AIXAM,AIXAM CROSSOVER,CROSSOVER GT D CVT,Diesel,2023-2024/Q1,33.0,6.0
Cars,AIXAM,AIXAM CROSSOVER,CROSSOVER GTR CVT,Petrol,2023-2024/Q1,169.0,14.0
Cars,AIXAM,AIXAM MAC 500,MAC 500,Diesel,2023-2024/Q1,0.0,3.0
Cars,AIXAM,AIXAM MEGA,MEGA 500L DIESEL,Diesel,2023-2024/Q1,0.0,
Cars,AIXAM,AIXAM MEGA,MEGA CITY ELECTRIC,Battery electric,2023-2024/Q1,6.0,55.0
Cars,AIXAM,AIXAM MEGA,MEGA CITY+ AUTO,Battery electric,2023-2024/Q1,0.0,8.0
Cars,AIXAM,AIXAM MODEL MISSING,MISSING,Diesel,2023-2024/Q1,9.0,57.0
Cars,AIXAM,AIXAM MODEL MISSING,MISSING,Gas,2023-2024/Q1,0.0,
Cars,AIXAM,AIXAM MODEL MISSING,MISSING,Petrol,2023-2024/Q1,2.0,26.0
Cars,AIXAM,AIXAM SCOUTY,SCOUTY GTR,Petrol,2023-2024/Q1,3.0,2.0
Cars,AJS,AJS MODEL MISSING,MISSING,Petrol,2023-2024/Q1,17.0,5.0
Cars,ALBION,ALBION MODEL MISSING,MISSING,Battery electric,2023-2024/Q1,0.0,1.0
Cars,ALBION,ALBION MODEL MISSING,MISSING,Diesel,2023-2024/Q1,1.0,
Cars,ALBION,ALBION MODEL MISSING,MISSING,Petrol,2023-2024/Q1,5.0,2.0
Cars,ALFA ROMEO,ALFA ROMEO 145,145 1.6,Petrol,2023-2024/Q1,2.0,9.0
Cars,ALFA ROMEO,ALFA ROMEO 145,145 1.6 L,Petrol,2023-2024/Q1,1.0,8.0
Cars,ALFA ROMEO,ALFA ROMEO 145,145 1.6 T-SPARK,Petrol,2023-2024/Q1,2.0,10.0
Cars,ALFA ROMEO,ALFA ROMEO 145,145 1.7 16V,Petrol,2023-2024/Q1,2.0,18.0
Cars,ALFA ROMEO,ALFA ROMEO 145,145 1.8 T-SPARK,Petrol,2023-2024/Q1,4.0,19.0
Cars,ALFA ROMEO,ALFA ROMEO 145,145 CLOVERLEAF,Petrol,2023-2024/Q1,48.0,197.0
Cars,ALFA ROMEO,ALFA ROMEO 145,145 T-SPARK 16V,Petrol,2023-2024/Q1,13.0,36.0
Cars,ALFA ROMEO,ALFA ROMEO 146,146 1.6,Diesel,2023-2024/Q1,0.0,
Cars,ALFA ROMEO,ALFA ROMEO 146,146 1.6,Gas,2023-2024/Q1,0.0,0.0
Cars,ALFA ROMEO,ALFA ROMEO 146,146 1.6,Petrol,2023-2024/Q1,0.0,8.0
Cars,ALFA ROMEO,ALFA ROMEO 146,146 1.6 T-SPARK,Diesel,2023-2024/Q1,0.0,
Cars,ALFA ROMEO,ALFA ROMEO 146,146 1.6 T-SPARK,Gas,2023-2024/Q1,0.0,
Cars,ALFA ROMEO,ALFA ROMEO 146,146 1.6 T-SPARK,Petrol,2023-2024/Q1,1.0,11.0
Cars,ALFA ROMEO,ALFA ROMEO 146,146 1.6L,Petrol,2023-2024/Q1,5.0,16.0
Cars,ALFA ROMEO,ALFA ROMEO 146,146 1.7 16V,Petrol,2023-2024/Q1,0.0,5.0
Cars,ALFA ROMEO,ALFA ROMEO 146,146 1.8 T-SPARK,Petrol,2023-2024/Q1,4.0,15.0
Cars,ALFA ROMEO,ALFA ROMEO 146,146 T-SPARK 16V,Petrol,2023-2024/Q1,6.0,20.0
Cars,ALFA ROMEO,ALFA ROMEO 146,146 TI,Diesel,2023-2024/Q1,0.0,
Cars,ALFA ROMEO,ALFA ROMEO 146,146 TI,Gas,2023-2024/Q1,0.0,0.0
Cars,ALFA ROMEO,ALFA ROMEO 146,146 TI,Petrol,2023-2024/Q1,26.0,78.0
Cars,ALFA ROMEO,ALFA ROMEO 147,147 COLLEZIONE JTDM,Diesel,2023-2024/Q1,160.0,33.0
Cars,ALFA ROMEO,ALFA ROMEO 147,147 COLLEZIONE JTDM 8V,Diesel,2023-2024/Q1,28.0,14.0
Cars,ALFA ROMEO,ALFA ROMEO 147,147 COLLEZIONE T-SPARK,Petrol,2023-2024/Q1,127.0,41.0
Cars,ALFA ROMEO,ALFA ROMEO 147,147 COLLEZIONE TS,Petrol,2023-2024/Q1,189.0,38.0
Cars,ALFA ROMEO,ALFA ROMEO 147,147 DUCATI CORSE Q2 JTDM,Diesel,2023-2024/Q1,135.0,46.0
Cars,ALFA ROMEO,ALFA ROMEO 147,147 JTD LUSSO,Diesel,2023-2024/Q1,38.0,34.0
Cars,ALFA ROMEO,ALFA ROMEO 147,147 JTD LUSSO,Petrol,2023-2024/Q1,1.0,2.0
Cars,ALFA ROMEO,ALFA ROMEO 147,147 JTD LUSSO 8V,Diesel,2023-2024/Q1,41.0,106.0
Cars,ALFA ROMEO,ALFA ROMEO 147,147 JTD LUSSO 8V,Petrol,2023-2024/Q1,0.0,
Cars,ALFA ROMEO,ALFA ROMEO 147,147 JTD LUSSO M-JET 16V,Diesel,2023-2024/Q1,29.0,90.0
Cars,ALFA ROMEO,ALFA ROMEO 147,147 JTD LUSSO M-JET 16V,Petrol,2023-2024/Q1,0.0,
Cars,ALFA ROMEO,ALFA ROMEO 147,147 JTD M-JET LUSSO,Diesel,2023-2024/Q1,35.0,40.0
Cars,ALFA ROMEO,ALFA ROMEO 147,147 JTD M-JET LUSSO,Petrol,2023-2024/Q1,0.0,0.0
Cars,ALFA ROMEO,ALFA ROMEO 147,147 JTD M-JET TURISMO,Diesel,2023-2024/Q1,4.0,8.0
Cars,ALFA ROMEO,ALFA ROMEO 147,147 JTD TURISMO,Diesel,2023-2024/Q1,6.0,7.0
Cars,ALFA ROMEO,ALFA ROMEO 147,147 JTD TURISMO 8V,Diesel,2023-2024/Q1,5.0,35.0
Cars,ALFA ROMEO,ALFA ROMEO 147,147 JTD TURISMO M-JET 16V,Diesel,2023-2024/Q1,10.0,29.0
Cars,ALFA ROMEO,ALFA ROMEO 147,147 JTDM LUSSO 120,Diesel,2023-2024/Q1,21.0,12.0
Cars,ALFA ROMEO,ALFA ROMEO 147,147 JTDM LUSSO 150,Diesel,2023-2024/Q1,50.0,25.0
Cars,ALFA ROMEO,ALFA ROMEO 147,147 JTDM LUSSO 150,Petrol,2023-2024/Q1,0.0,0.0
Cars,ALFA ROMEO,ALFA ROMEO 147,147 JTDM TI 120,Diesel,2023-2024/Q1,0.0,
Cars,ALFA ROMEO,ALFA ROMEO 147,147 JTDM TI 120,Petrol,2023-2024/Q1,0.0,
Cars,ALFA ROMEO,ALFA ROMEO 147,147 JTDM TI 150,Diesel,2023-2024/Q1,3.0,0.0
Cars,ALFA ROMEO,ALFA ROMEO 147,147 JTDM TI SE,Diesel,2023-2024/Q1,19.0,13.0
Cars,ALFA ROMEO,ALFA ROMEO 147,147 JTDM TURISMO 120,Diesel,2023-2024/Q1,3.0,4.0
Cars,ALFA ROMEO,ALFA ROMEO 147,147 JTDM TURISMO 150,Diesel,2023-2024/Q1,0.0,2.0
Cars,ALFA ROMEO,ALFA ROMEO 147,147 LUSSO JTDM 16V,Diesel,2023-2024/Q1,41.0,19.0
Cars,ALFA ROMEO,ALFA ROMEO 147,147 LUSSO JTDM 8V,Diesel,2023-2024/Q1,26.0,7.0
Cars,ALFA ROMEO,ALFA ROMEO 147,147 LUSSO SELESPEED,Petrol,2023-2024/Q1,1.0,3.0
Cars,ALFA ROMEO,ALFA ROMEO 147,147 LUSSO T-SPARK,Petrol,2023-2024/Q1,38.0,9.0
Cars,ALFA ROMEO,ALFA ROMEO 147,147 Q2 JTDM 16V,Diesel,2023-2024/Q1,22.0,10.0
Cars,ALFA ROMEO,ALFA ROMEO 147,147 SELESPEED,Diesel,2023-2024/Q1,0.0,1.0
Cars,ALFA ROMEO,ALFA ROMEO 147,147 SELESPEED,Gas,2023-2024/Q1,0.0,0.0
Cars,ALFA ROMEO,ALFA ROMEO 147,147 SELESPEED,Petrol,2023-2024/Q1,44.0,124.0
Cars,ALFA ROMEO,ALFA ROMEO 147,147 SPORT JTDM,Diesel,2023-2024/Q1,54.0,23.0
Cars,ALFA ROMEO,ALFA ROMEO 147,147 SPORT Q2 JTDM 16V,Diesel,2023-2024/Q1,82.0,41.0
Cars,ALFA ROMEO,ALFA ROMEO 147,147 SPORT TS,Petrol,2023-2024/Q1,45.0,11.0
Cars,ALFA ROMEO,ALFA ROMEO 147,147 T-SPARK,Diesel,2023-2024/Q1,0.0,0.0
Cars,ALFA ROMEO,ALFA ROMEO 147,147 T-SPARK,Gas,2023-2024/Q1,0.0,1.0
Cars,ALFA ROMEO,ALFA ROMEO 147,147 T-SPARK,Petrol,2023-2024/Q1,94.0,255.0
Cars,ALFA ROMEO,ALFA ROMEO 147,147 T-SPARK LUSSO,Diesel,2023-2024/Q1,0.0,1.0
Cars,ALFA ROMEO,ALFA ROMEO 147,147 T-SPARK LUSSO,Gas,2023-2024/Q1,0.0,3.0
Cars,ALFA ROMEO,ALFA ROMEO 147,147 T-SPARK LUSSO,Petrol,2023-2024/Q1,608.0,1036.0
Cars,ALFA ROMEO,ALFA ROMEO 147,147 T-SPARK LUSSO S-SPEED,Petrol,2023-2024/Q1,4.0,3.0
Cars,ALFA ROMEO,ALFA ROMEO 147,147 T-SPARK TURISMO,Petrol,2023-2024/Q1,12.0,22.0
Cars,ALFA ROMEO,ALFA ROMEO 147,147 TI,Diesel,2023-2024/Q1,1.0,0.0
Cars,ALFA ROMEO,ALFA ROMEO 147,147 TI,Petrol,2023-2024/Q1,1.0,3.0
Cars,ALFA ROMEO,ALFA ROMEO 147,147 TI 150,Diesel,2023-2024/Q1,0.0,0.0
Cars,ALFA ROMEO,ALFA ROMEO 147,147 TI 150,Petrol,2023-2024/Q1,1.0,1.0
Cars,ALFA ROMEO,ALFA ROMEO 147,147 TI SELESPEED,Petrol,2023-2024/Q1,1.0,0.0
Cars,ALFA ROMEO,ALFA ROMEO 147,147 TS LUSSO 150,Diesel,2023-2024/Q1,0.0,
Cars,ALFA ROMEO,ALFA ROMEO 147,147 TS LUSSO 150,Petrol,2023-2024/Q1,7.0,9.0
Cars,ALFA ROMEO,ALFA ROMEO 147,147 TS TI SE,Petrol,2023-2024/Q1,22.0,12.0
Cars,ALFA ROMEO,ALFA ROMEO 147,147 TURISMO 8V JTDM,Diesel,2023-2024/Q1,0.0,
Cars,ALFA ROMEO,ALFA ROMEO 147,147 TURISMO JTDM 16V,Diesel,2023-2024/Q1,12.0,5.0
Cars,ALFA ROMEO,ALFA ROMEO 147,147 TURISMO JTDM 8V,Diesel,2023-2024/Q1,31.0,10.0
Cars,ALFA ROMEO,ALFA ROMEO 147,147 TURISMO T-SPARK,Petrol,2023-2024/Q1,31.0,9.0
Cars,ALFA ROMEO,ALFA ROMEO 147,147 V6 24V GTA,Gas,2023-2024/Q1,0.0,1.0
Cars,ALFA ROMEO,ALFA ROMEO 147,147 V6 24V GTA,Petrol,2023-2024/Q1,156.0,130.0
Cars,ALFA ROMEO,ALFA ROMEO 155,155 1.8 TWINSPARK,Diesel,2023-2024/Q1,0.0,
Cars,ALFA ROMEO,ALFA ROMEO 155,155 1.8 TWINSPARK,Petrol,2023-2024/Q1,2.0,13.0
Cars,ALFA ROMEO,ALFA ROMEO 155,155 2.0 16V TWINSPARK,Diesel,2023-2024/Q1,0.0,0.0
Cars,ALFA ROMEO,ALFA ROMEO 155,155 2.0 16V TWINSPARK,Petrol,2023-2024/Q1,18.0,113.0
Cars,ALFA ROMEO,ALFA ROMEO 155,155 CLOVERLEAF 4,Petrol,2023-2024/Q1,4.0,10.0
Cars,ALFA ROMEO,ALFA ROMEO 155,155 SUPER T-SPARK 16V,Petrol,2023-2024/Q1,3.0,19.0
Cars,ALFA ROMEO,ALFA ROMEO 155,155 T-SPARK 16V,Gas,2023-2024/Q1,0.0,0.0
Cars,ALFA ROMEO,ALFA ROMEO 155,155 T-SPARK 16V,Petrol,2023-2024/Q1,8.0,38.0
Cars,ALFA ROMEO,ALFA ROMEO 155,155 TS 1.8 SILVERSTONE,Petrol,2023-2024/Q1,1.0,14.0
Cars,ALFA ROMEO,ALFA ROMEO 155,155 TWIN SPARK,Diesel,2023-2024/Q1,0.0,
Cars,ALFA ROMEO,ALFA ROMEO 155,155 TWIN SPARK,Petrol,2023-2024/Q1,4.0,31.0
Cars,ALFA ROMEO,ALFA ROMEO 155,155 TWIN SPARK LUSSO,Petrol,2023-2024/Q1,1.0,9.0
Cars,ALFA ROMEO,ALFA ROMEO 155,155 V6,Diesel,2023-2024/Q1,0.0,
Cars,ALFA ROMEO,ALFA ROMEO 155,155 V6,Petrol,2023-2024/Q1,11.0,74.0
Cars,ALFA ROMEO,ALFA ROMEO 156,156 1.8 T SPARK LUSSO,Diesel,2023-2024/Q1,0.0,
Cars,ALFA ROMEO,ALFA ROMEO 156,156 1.8 T SPARK LUSSO,Petrol,2023-2024/Q1,0.0,0.0
Cars,ALFA ROMEO,ALFA ROMEO 156,156 1.8 T SPARK SPORT 1,Petrol,2023-2024/Q1,0.0,0.0
Cars,ALFA ROMEO,ALFA ROMEO 156,156 1.8 T-SPARK,Diesel,2023-2024/Q1,0.0,0.0
Cars,ALFA ROMEO,ALFA ROMEO 156,156 1.8 T-SPARK,Gas,2023-2024/Q1,0.0,0.0
Cars,ALFA ROMEO,ALFA ROMEO 156,156 1.8 T-SPARK,Petrol,2023-2024/Q1,24.0,144.0
Cars,ALFA ROMEO,ALFA ROMEO 156,156 1.8 T-SPARK LUSSO,Petrol,2023-2024/Q1,,2.0
Cars,ALFA ROMEO,ALFA ROMEO 156,156 1.8 T-SPARK SPORT 1,Petrol,2023-2024/Q1,,1.0
Cars,ALFA ROMEO,ALFA ROMEO 156,156 2.0 T-SPARK,Diesel,2023-2024/Q1,0.0,
Cars,ALFA ROMEO,ALFA ROMEO 156,156 2.0 T-SPARK,Gas,2023-2024/Q1,0.0,0.0
Cars,ALFA ROMEO,ALFA ROMEO 156,156 2.0 T-SPARK,Petrol,2023-2024/Q1,56.0,235.0
Cars,ALFA ROMEO,ALFA ROMEO 156,156 2.0 T-SPARK SPORT 1,Diesel,2023-2024/Q1,0.0,0.0
Cars,ALFA ROMEO,ALFA ROMEO 156,156 2.0 T-SPARK SPORT 1,Petrol,2023-2024/Q1,2.0,4.0
Cars,ALFA ROMEO,ALFA ROMEO 156,156 2.0 T-SPARK SPORT 2,Gas,2023-2024/Q1,0.0,0.0
Cars,ALFA ROMEO,ALFA ROMEO 156,156 2.0 T-SPARK SPORT 2,Petrol,2023-2024/Q1,1.0,2.0
Cars,ALFA ROMEO,ALFA ROMEO 156,156 2.5 V6,Diesel,2023-2024/Q1,0.0,
Cars,ALFA ROMEO,ALFA ROMEO 156,156 2.5 V6,Gas,2023-2024/Q1,0.0,2.0
Cars,ALFA ROMEO,ALFA ROMEO 156,156 2.5 V6,Petrol,2023-2024/Q1,70.0,270.0
Cars,ALFA ROMEO,ALFA ROMEO 156,156 2.5 V6 SPORT 2,Diesel,2023-2024/Q1,0.0,0.0
Cars,ALFA ROMEO,ALFA ROMEO 156,156 2.5 V6 SPORT 2,Petrol,2023-2024/Q1,0.0,1.0
Cars,ALFA ROMEO,ALFA ROMEO 156,156 2.5 V6 SPORT 3,Petrol,2023-2024/Q1,2.0,2.0
Cars,ALFA ROMEO,ALFA ROMEO 156,156 JTD,Diesel,2023-2024/Q1,12.0,65.0
Cars,ALFA ROMEO,ALFA ROMEO 156,156 JTD,Petrol,2023-2024/Q1,1.0,3.0
Cars,ALFA ROMEO,ALFA ROMEO 156,156 JTD 16V LUSSO,Diesel,2023-2024/Q1,6.0,16.0
Cars,ALFA ROMEO,ALFA ROMEO 156,156 JTD 16V LUSSO,Petrol,2023-2024/Q1,0.0,0.0
Cars,ALFA ROMEO,ALFA ROMEO 156,156 JTD 16V M-JET LUSSO,Diesel,2023-2024/Q1,1.0,1.0
Cars,ALFA ROMEO,ALFA ROMEO 156,156 JTD 16V M-JET TI,Diesel,2023-2024/Q1,3.0,3.0
Cars,ALFA ROMEO,ALFA ROMEO 156,156 JTD 16V M-JET TURISMO,Diesel,2023-2024/Q1,1.0,4.0
Cars,ALFA ROMEO,ALFA ROMEO 156,156 JTD 16V M-JET VELOCE,Diesel,2023-2024/Q1,15.0,22.0
Cars,ALFA ROMEO,ALFA ROMEO 156,156 JTD 16V TI,Diesel,2023-2024/Q1,8.0,4.0
Cars,ALFA ROMEO,ALFA ROMEO 156,156 JTD 16V VELOCE,Diesel,2023-2024/Q1,27.0,33.0
Cars,ALFA ROMEO,ALFA ROMEO 156,156 JTD 16V VELOCE,Petrol,2023-2024/Q1,0.0,0.0
Cars,ALFA ROMEO,ALFA ROMEO 156,156 JTD 20V LUSSO,Diesel,2023-2024/Q1,10.0,7.0
Cars,ALFA ROMEO,ALFA ROMEO 156,156 JTD 20V TI,Diesel,2023-2024/Q1,7.0,9.0
Cars,ALFA ROMEO,ALFA ROMEO JUNIOR,145 JUNIOR,Petrol,2023-2024/Q1,5.0,11.0
Cars,ALFA ROMEO,ALFA ROMEO JUNIOR,146 JUNIOR,Petrol,2023-2024/Q1,2.0,5.0
Heavy goods vehicles,ABARTH,ABARTH MODEL MISSING,MISSING,Diesel,2023-2024/Q1,1.0,
Heavy goods vehicles,AC,AC MODEL MISSING,MISSING,Diesel,2023-2024/Q1,1.0,0.0
Heavy goods vehicles,AC (ELECTRIC),AC (ELECTRIC) MODEL MISSING,MISSING,Battery electric,2023-2024/Q1,0.0,
Heavy goods vehicles,ADRIA,ADRIA MODEL MISSING,MISSING,Diesel,2023-2024/Q1,257.0,3.0
Heavy goods vehicles,ADRIA,ADRIA SONIC,ADRIA SONIC AXESS 600 SL,Diesel,2023-2024/Q1,1.0,
Heavy goods vehicles,ADRIA,ADRIA SONIC,SONIC AXESS I 600 SP AUTO,Diesel,2023-2024/Q1,0.0,
Heavy goods vehicles,ADRIA,ADRIA SONIC,SONIC PLUS I 700 SBC,Diesel,2023-2024/Q1,1.0,
Heavy goods vehicles,ADRIA,ADRIA SONIC,SONIC PLUS I 700 SBC AUTO,Diesel,2023-2024/Q1,1.0,
Heavy goods vehicles,ADRIA,ADRIA SONIC,SONIC PLUS I 700 SL,Diesel,2023-2024/Q1,2.0,
Heavy goods vehicles,ADRIA,ADRIA SONIC,SONIC PLUS I 700 SL AUTO,Diesel,2023-2024/Q1,1.0,
Heavy goods vehicles,ADRIA,ADRIA SONIC,SONIC SUPREME 710 SC,Diesel,2023-2024/Q1,2.0,
Heavy goods vehicles,ADRIA,ADRIA SONIC,SONIC SUPREME 710 SC AUTO,Diesel,2023-2024/Q1,4.0,
Heavy goods vehicles,ADRIA,ADRIA SONIC,SONIC SUPREME 710 SL,Diesel,2023-2024/Q1,0.0,1.0
Heavy goods vehicles,ADRIA,ADRIA SONIC,SONIC SUPREME 710 SL AUTO,Diesel,2023-2024/Q1,3.0,
Heavy goods vehicles,ADRIA,ADRIA SONIC,SONIC SUPREME 810 SC,Diesel,2023-2024/Q1,2.0,
Heavy goods vehicles,ADRIA,ADRIA SONIC,SONIC SUPREME 810 SC AUTO,Diesel,2023-2024/Q1,9.0,0.0
Heavy goods vehicles,ADRIA,ADRIA SONIC,SONIC SUPREME 810 SL,Diesel,2023-2024/Q1,2.0,
Heavy goods vehicles,ADRIA,ADRIA SONIC,SONIC SUPREME 810 SL AUTO,Diesel,2023-2024/Q1,3.0,
Heavy goods vehicles,ADRIA,ADRIA SONIC,SONIC SUPREME I 710 SBC AUTO,Diesel,2023-2024/Q1,1.0,0.0
Heavy goods vehicles,ADRIA,ADRIA SONIC,SONIC SUPREME I 710 SL,Diesel,2023-2024/Q1,4.0,0.0
Heavy goods vehicles,ADRIA,ADRIA SONIC,SONIC SUPREME I 710 SL AUTO,Diesel,2023-2024/Q1,1.0,0.0
Heavy goods vehicles,ADRIA,ADRIA SONIC,SONIC SUPREME I 810 SC,Diesel,2023-2024/Q1,3.0,0.0
Heavy goods vehicles,ADRIA,ADRIA SONIC,SONIC SUPREME I 810 SC AUTO,Diesel,2023-2024/Q1,4.0,
Heavy goods vehicles,ADRIA,ADRIA SONIC,SONIC SUPREME I710SL,Diesel,2023-2024/Q1,3.0,
Heavy goods vehicles,AEBI,AEBI MODEL MISSING,MISSING,Diesel,2023-2024/Q1,0.0,1.0
Heavy goods vehicles,AIXAM,AIXAM MEGA,MEGA MULTITRUCK 600E A,Battery electric,2023-2024/Q1,0.0,1.0
Heavy goods vehicles,AIXAM,AIXAM MODEL MISSING,MISSING,Diesel,2023-2024/Q1,1.0,
Heavy goods vehicles,AJS,AJS MODEL MISSING,MISSING,Diesel,2023-2024/Q1,0.0,1.0
Heavy goods vehicles,ALBION,ALBION MODEL MISSING,MISSING,Diesel,2023-2024/Q1,40.0,21.0
Heavy goods vehicles,ALBION,ALBION MODEL MISSING,MISSING,Petrol,2023-2024/Q1,3.0,4.0
Heavy goods vehicles,ALEXANDER DENNIS,ALEXANDER DENNIS MODEL MISSING,MISSING,Diesel,2023-2024/Q1,7.0,
Heavy goods vehicles,ALFA ROMEO,ALFA ROMEO 145,145 CLOVERLEAF,Petrol,2023-2024/Q1,0.0,
Light goods vehicles,AC,AC MODEL MISSING,MISSING,Diesel,2023-2024/Q1,1.0,0.0
Light goods vehicles,AC,AC MODEL MISSING,MISSING,Petrol,2023-2024/Q1,0.0,1.0
Light goods vehicles,AC (ELECTRIC),AC (ELECTRIC) MODEL MISSING,MISSING,Battery electric,2023-2024/Q1,1.0,1.0
Light goods vehicles,ACCESS,ACCESS MODEL MISSING,MISSING,Petrol,2023-2024/Q1,6.0,15.0
Light goods vehicles,ACCESS,ACCESS QUADZILLA,QUADZILLA SHARK 100,Petrol,2023-2024/Q1,0.0,1.0
Light goods vehicles,ACURA,ACURA MDX,MDX AUTO,Petrol,2023-2024/Q1,0.0,
Light goods vehicles,ACURA,ACURA MODEL MISSING,MISSING,Gas,2023-2024/Q1,0.0,
Light goods vehicles,ACURA,ACURA MODEL MISSING,MISSING,Petrol,2023-2024/Q1,0.0,1.0
Light goods vehicles,ADDAX,ADDAX MT,MT15N,Battery electric,2023-2024/Q1,3.0,
Light goods vehicles,ADDAX,ADDAX MT,MT15X,Battery electric,2023-2024/Q1,1.0,
Light goods vehicles,ADLY,ADLY ATV 300,ATV-300 XS (QUAD),Petrol,2023-2024/Q1,1.0,3.0
Light goods vehicles,ADLY,ADLY ATV 320,ATV-320 (QUAD),Petrol,2023-2024/Q1,1.0,7.0
Light goods vehicles,ADLY,ADLY ATV 400,ATV-400 XS,Petrol,2023-2024/Q1,3.0,4.0
Light goods vehicles,ADLY,ADLY ATV 400,ATV-500 S,Petrol,2023-2024/Q1,1.0,
Light goods vehicles,ADLY,ADLY QUADZILLA,QUADZILLA 300E S (QUAD),Petrol,2023-2024/Q1,0.0,1.0
Light goods vehicles,ADLY,ADLY QUADZILLA,QUADZILLA 300E U (QUAD),Petrol,2023-2024/Q1,0.0,1.0
Light goods vehicles,ADRIA,ADRIA MODEL MISSING,MISSING,Diesel,2023-2024/Q1,603.0,6.0
Light goods vehicles,ADRIA,ADRIA MODEL MISSING,MISSING,Petrol,2023-2024/Q1,1.0,
Light goods vehicles,ADRIA,ADRIA SONIC,ADRIA SONIC AXESS 600 SL,Diesel,2023-2024/Q1,1.0,
Light goods vehicles,ADRIA,ADRIA SONIC,ADRIA SONIC AXESS 600 SL AUTO,Diesel,2023-2024/Q1,1.0,
Light goods vehicles,ADRIA,ADRIA SONIC,SONIC PLUS I 700 SBC AUTO,Diesel,2023-2024/Q1,1.0,
Light goods vehicles,ADRIA,ADRIA SONIC,SONIC PLUS I 700 SL,Diesel,2023-2024/Q1,0.0,0.0
Light goods vehicles,AEBI,AEBI MODEL MISSING,MISSING,Diesel,2023-2024/Q1,0.0,1.0
Light goods vehicles,AEON,AEON ARGON,ARGON,Petrol,2023-2024/Q1,1.0,
Light goods vehicles,AEON,AEON COBRA,COBRA,Petrol,2023-2024/Q1,2.0,2.0
Light goods vehicles,AEON,AEON COBRA,COBRA 180 (QUAD),Petrol,2023-2024/Q1,0.0,1.0
Light goods vehicles,AEON,AEON GOES,GOES 220 (QUAD),Petrol,2023-2024/Q1,0.0,2.0
Light goods vehicles,AEON,AEON MODEL MISSING,MISSING,Diesel,2023-2024/Q1,0.0,0.0
Light goods vehicles,AEON,AEON MODEL MISSING,MISSING,Gas,2023-2024/Q1,0.0,0.0
Light goods vehicles,AEON,AEON MODEL MISSING,MISSING,Petrol,2023-2024/Q1,4.0,12.0
Light goods vehicles,AEON,AEON RA56,RA56-400,Petrol,2023-2024/Q1,2.0,2.0
Light goods vehicles,AIE,AIE MODEL MISSING,MISSING,Petrol,2023-2024/Q1,0.0,
Light goods vehicles,AIE,AIE QUADZILLA,QUADZILLA 4-CROSS SUV 200E,Petrol,2023-2024/Q1,0.0,1.0
Light goods vehicles,AIXAM,AIXAM 500,500 SL AUTO,Diesel,2023-2024/Q1,0.0,0.0
Light goods vehicles,AIXAM,AIXAM 500,500.5 LUXE MINIVAN,Diesel,2023-2024/Q1,0.0,1.0
Light goods vehicles,AIXAM,AIXAM 500,500.5 SUPER LUXE,Petrol,2023-2024/Q1,,1.0
Light goods vehicles,AIXAM,AIXAM COUPE,COUPE S,Diesel,2023-2024/Q1,2.0,1.0
Light goods vehicles,AIXAM,AIXAM CROSSLINE,CROSSLINE MINAUTO CVT,Petrol,2023-2024/Q1,0.0,
Light goods vehicles,AIXAM,AIXAM CROSSLINE,CROSSLINE PREMIUM GT CVT,Diesel,2023-2024/Q1,1.0,
Light goods vehicles,AIXAM,AIXAM CROSSOVER,CROSSOVER GTR CVT,Petrol,2023-2024/Q1,0.0,
Light goods vehicles,AIXAM,AIXAM MEGA,MEGA 500L,Diesel,2023-2024/Q1,0.0,0.0
Light goods vehicles,AIXAM,AIXAM MEGA,MEGA 500L DIESEL,Diesel,2023-2024/Q1,11.0,51.0
Light goods vehicles,AIXAM,AIXAM MEGA,MEGA 500L ELECTRIC,Battery electric,2023-2024/Q1,1.0,10.0
Light goods vehicles,AIXAM,AIXAM MEGA,MEGA MULTITRUCK 600D L A,Battery electric,2023-2024/Q1,49.0,105.0
Light goods vehicles,AIXAM,AIXAM MEGA,MEGA MULTITRUCK 600E A,Battery electric,2023-2024/Q1,38.0,134.0
Light goods vehicles,AIXAM,AIXAM MODEL MISSING,MISSING,Battery electric,2023-2024/Q1,8.0,11.0
Light goods vehicles,AIXAM,AIXAM MODEL MISSING,MISSING,Diesel,2023-2024/Q1,5.0,14.0
Light goods vehicles,AIXAM,AIXAM MODEL MISSING,MISSING,Petrol,2023-2024/Q1,0.0,1.0
Light goods vehicles,AJS,AJS MODEL MISSING,MISSING,Petrol,2023-2024/Q1,1.0,
Light goods vehicles,ALBION,ALBION MODEL MISSING,MISSING,Diesel,2023-2024/Q1,210.0,40.0
Light goods vehicles,ALBION,ALBION MODEL MISSING,MISSING,Petrol,2023-2024/Q1,76.0,23.0
Light goods vehicles,ALEXANDER DENNIS,ALEXANDER DENNIS MODEL MISSING,MISSING,Diesel,2023-2024/Q1,1.0,0.0
Light goods vehicles,ALFA ROMEO,ALFA ROMEO 145,145 1.7 16V,Petrol,2023-2024/Q1,0.0,
Light goods vehicles,ALFA ROMEO,ALFA ROMEO 145,145 CLOVERLEAF,Petrol,2023-2024/Q1,0.0,
Light goods vehicles,ALFA ROMEO,ALFA ROMEO 146,146 1.7 16V,Petrol,2023-2024/Q1,0.0,0.0
Light goods vehicles,ALFA ROMEO,ALFA ROMEO 155,155 2.0 16V TWINSPARK,Petrol,2023-2024/Q1,0.0,
Light goods vehicles,ALFA ROMEO,ALFA ROMEO 156,156 2.0 T-SPARK,Petrol,2023-2024/Q1,0.0,0.0
Light goods vehicles,ALFA ROMEO,ALFA ROMEO 156,156 2.5 V6,Petrol,2023-2024/Q1,0.0,
Motorcycles,AC (ELECTRIC),AC (ELECTRIC) MODEL MISSING,MISSING,Petrol,2023-2024/Q1,0.0,0.0
Motorcycles,ACCESS,ACCESS MODEL MISSING,MISSING,Petrol,2023-2024/Q1,1.0,
Motorcycles,ADLY,ADLY AIRTECH,AIRTECH,Petrol,2023-2024/Q1,0.0,2.0
Motorcycles,ADLY,ADLY CAT 100,CAT 100,Petrol,2023-2024/Q1,0.0,1.0
Motorcycles,ADLY,ADLY CAT 125,CAT 125,Petrol,2023-2024/Q1,0.0,0.0
Motorcycles,ADLY,ADLY CAT 50,CAT 50,Petrol,2023-2024/Q1,0.0,2.0
Motorcycles,ADLY,ADLY CITYBIRD 50,CITYBIRD 50,Petrol,2023-2024/Q1,1.0,7.0
Motorcycles,ADLY,ADLY FOX 50,FOX 50,Petrol,2023-2024/Q1,0.0,17.0
Motorcycles,ADLY,ADLY GTA,GTA 50,Petrol,2023-2024/Q1,0.0,1.0
Motorcycles,ADLY,ADLY JET 100,JET 100,Petrol,2023-2024/Q1,0.0,6.0
Motorcycles,ADLY,ADLY JET 50,JET 50,Diesel,2023-2024/Q1,0.0,
Motorcycles,ADLY,ADLY JET 50,JET 50,Gas,2023-2024/Q1,0.0,
Motorcycles,ADLY,ADLY JET 50,JET 50,Petrol,2023-2024/Q1,1.0,9.0
Motorcycles,ADLY,ADLY MODEL MISSING,MISSING,Petrol,2023-2024/Q1,4.0,87.0
Motorcycles,ADLY,ADLY NOBLE 50,NOBLE 50,Petrol,2023-2024/Q1,0.0,1.0
Motorcycles,ADLY,ADLY PANTHER 50,PANTHER 50,Petrol,2023-2024/Q1,1.0,1.0
Motorcycles,ADLY,ADLY PISTA 50,PISTA 50,Petrol,2023-2024/Q1,0.0,3.0
Motorcycles,ADLY,ADLY RT-50,RT-50,Petrol,2023-2024/Q1,0.0,
Motorcycles,ADLY,ADLY SF50,SF 50 SILVER FOX,Petrol,2023-2024/Q1,1.0,5.0
Motorcycles,ADLY,ADLY SS 100 ACTIVATOR,SS100 ACTIVATOR,Petrol,2023-2024/Q1,0.0,9.0
Motorcycles,ADLY,ADLY SS 125D ACTIVATOR,SS125D ACTIVATOR,Petrol,2023-2024/Q1,1.0,10.0
Motorcycles,ADLY,ADLY SS 50 ACTIVATOR,SS50  ACTIVATOR,Petrol,2023-2024/Q1,0.0,
Motorcycles,ADLY,ADLY SUPERSONIC,SUPERSONIC,Petrol,2023-2024/Q1,0.0,2.0
Motorcycles,ADLY,ADLY TB 100,TB 100,Petrol,2023-2024/Q1,0.0,4.0
Motorcycles,ADLY,ADLY TB 100,TB 100 PREDATOR,Diesel,2023-2024/Q1,0.0,
Motorcycles,ADLY,ADLY TB 100,TB 100 PREDATOR,Petrol,2023-2024/Q1,1.0,18.0
Motorcycles,ADLY,ADLY TB 125,TB 125,Petrol,2023-2024/Q1,0.0,9.0
Motorcycles,ADLY,ADLY TB 125,TB 125 SS AIRTECH,Petrol,2023-2024/Q1,0.0,1.0
Motorcycles,ADLY,ADLY TB 125,TB 125 THUNDERBIKE,Petrol,2023-2024/Q1,0.0,3.0
Motorcycles,ADLY,ADLY TB 125 D,TB 125 D,Petrol,2023-2024/Q1,0.0,12.0
Motorcycles,ADLY,ADLY TB 125 D,TB 125 D-ACTIVATOR,Petrol,2023-2024/Q1,0.0,0.0
Motorcycles,ADLY,ADLY TB 50 PREDATOR,TB 50 PREDATOR,Petrol,2023-2024/Q1,0.0,
Motorcycles,ADLY,ADLY TB 50 PREDATOR,TB 50 PREDATOR 02,Petrol,2023-2024/Q1,0.0,7.0
Motorcycles,ADLY,ADLY TB50 THUNDERBIKE,TB 50 THUNDER BIKE,Diesel,2023-2024/Q1,0.0,1.0
Motorcycles,ADLY,ADLY TB50 THUNDERBIKE,TB 50 THUNDER BIKE,Petrol,2023-2024/Q1,1.0,3.0
Motorcycles,AEON,AEON AERO,AERO,Petrol,2023-2024/Q1,0.0,1.0
Motorcycles,AEON,AEON ARGON,ARGON,Petrol,2023-2024/Q1,0.0,1.0
Motorcycles,AEON,AEON COBRA,COBRA 180 (QUAD),Petrol,2023-2024/Q1,0.0,1.0
Motorcycles,AEON,AEON COBRA,COBRA 2 REVO (QUAD),Petrol,2023-2024/Q1,0.0,
Motorcycles,AEON,AEON MODEL MISSING,MISSING,Petrol,2023-2024/Q1,1.0,1.0
Motorcycles,AEON,AEON PULSAR,PULSAR,Petrol,2023-2024/Q1,0.0,2.0
Motorcycles,AEON,AEON TORCH,TORCH,Petrol,2023-2024/Q1,0.0,0.0
Motorcycles,AGRIFAC,AGRIFAC CONDOR,CONDOR,Battery electric,2023-2024/Q1,1.0,
Motorcycles,AIXAM,AIXAM 500,500.5 SUPER LUXE,Diesel,2023-2024/Q1,0.0,
Motorcycles,AIXAM,AIXAM MODEL MISSING,MISSING,Diesel,2023-2024/Q1,0.0,
Motorcycles,AIXAM,AIXAM MODEL MISSING,MISSING,Petrol,2023-2024/Q1,0.0,
Motorcycles,AJP,AJP ENDURO,ENDURO,Petrol,2023-2024/Q1,4.0,7.0
Motorcycles,AJP,AJP MODEL MISSING,MISSING,Petrol,2023-2024/Q1,82.0,164.0
Motorcycles,AJP,AJP PR3,PR3 125 ENDURO,Petrol,2023-2024/Q1,6.0,12.0
Motorcycles,AJP,AJP PR3,PR3 125 SUPERMOTO,Petrol,2023-2024/Q1,1.0,
Motorcycles,AJP,AJP PR3,PR3 200 ENDURO,Petrol,2023-2024/Q1,4.0,15.0
Motorcycles,AJP,AJP PR3,PR3 240 ENDURO,Petrol,2023-2024/Q1,0.0,1.0
Motorcycles,AJP,AJP PR4,PR4 125 ENDURO,Petrol,2023-2024/Q1,8.0,11.0
Motorcycles,AJP,AJP PR4,PR4 125 SM,Petrol,2023-2024/Q1,1.0,4.0
Motorcycles,AJP,AJP PR4,PR4 200 ENDURO,Petrol,2023-2024/Q1,6.0,19.0
Motorcycles,AJP,AJP PR4,PR4 200 SM,Petrol,2023-2024/Q1,0.0,1.0
Motorcycles,AJP,AJP PR4,PR4 240 ENDURO PRO,Petrol,2023-2024/Q1,1.0,1.0
Motorcycles,AJP,AJP PR4,PR4 240 EXTREME,Petrol,2023-2024/Q1,0.0,0.0
Motorcycles,AJP,AJP PR5,PR5 250 ENDURO,Petrol,2023-2024/Q1,2.0,
Motorcycles,AJP,AJP PR7,PR7,Petrol,2023-2024/Q1,42.0,7.0
Motorcycles,AJP,AJP SPR,SPR 240 ENDURO,Petrol,2023-2024/Q1,4.0,1.0
Motorcycles,AJP,AJP SPR,SPR 250 ENDURO,Petrol,2023-2024/Q1,8.0,0.0
Motorcycles,AJP,AJP SPR,SPR 310 ENDURO,Petrol,2023-2024/Q1,1.0,1.0
Motorcycles,AJS,AJS BARLETTA,BARLETTA,Petrol,2023-2024/Q1,2.0,
Motorcycles,AJS,AJS CADWELL,CADWELL,Petrol,2023-2024/Q1,343.0,148.0
Motorcycles,AJS,AJS CADWELL,HY 400 CADWELL,Petrol,2023-2024/Q1,0.0,2.0
Motorcycles,AJS,AJS CLUBMAN 125,CLUBMAN 125,Petrol,2023-2024/Q1,23.0,19.0
Motorcycles,AJS,AJS CR3 125,CR3-125,Petrol,2023-2024/Q1,1.0,47.0
Motorcycles,AJS,AJS DD 100,DD 100 E,Petrol,2023-2024/Q1,1.0,20.0
Motorcycles,AJS,AJS DD 125,DD 125 E,Petrol,2023-2024/Q1,23.0,162.0
Motorcycles,AJS,AJS DD 125,DD 125 E 08,Diesel,2023-2024/Q1,0.0,0.0
Motorcycles,AJS,AJS DD 125,DD 125 E 08,Petrol,2023-2024/Q1,124.0,427.0
Motorcycles,AJS,AJS DD 125,DD 125 E-5,Petrol,2023-2024/Q1,71.0,260.0
Motorcycles,AJS,AJS DD 125,DD 125 E-5C,Petrol,2023-2024/Q1,67.0,160.0
Motorcycles,AJS,AJS DD 125,DD 125 E-5C DAYTONA 125,Petrol,2023-2024/Q1,14.0,16.0
Motorcycles,AJS,AJS DD 125,DD 125 E-8,Petrol,2023-2024/Q1,58.0,149.0
Motorcycles,AJS,AJS DD 125,DD 125 E-8 REGAL RAPTOR,Petrol,2023-2024/Q1,35.0,27.0
Motorcycles,AJS,AJS DD 125,DD 125 E-9,Petrol,2023-2024/Q1,23.0,69.0
Motorcycles,AJS,AJS DD 250,DD 250 E,Petrol,2023-2024/Q1,6.0,20.0
Motorcycles,AJS,AJS DD 250,DD 250 E-10,Petrol,2023-2024/Q1,0.0,7.0
Motorcycles,AJS,AJS DD 250,DD 250 E-9B 08,Petrol,2023-2024/Q1,1.0,9.0
Motorcycles,AJS,AJS DD 250,DD 250 S-9B,Petrol,2023-2024/Q1,12.0,24.0
Motorcycles,AJS,AJS DD 350,DD 350 E-6,Petrol,2023-2024/Q1,5.0,10.0
Motorcycles,AJS,AJS DD 350,DD 350 E-9B,Petrol,2023-2024/Q1,6.0,16.0
Motorcycles,AJS,AJS DD 50,DD 50 E-2,Petrol,2023-2024/Q1,7.0,84.0
Motorcycles,AJS,AJS DESERT SCRAMBLER,71 DESERT SCRAMBLER,Petrol,2023-2024/Q1,124.0,10.0
Motorcycles,AJS,AJS DFE 50,DFE 50 QT-F,Petrol,2023-2024/Q1,1.0,13.0
Motorcycles,AJS,AJS DIGITA,DIGITA,Diesel,2023-2024/Q1,0.0,1.0
Motorcycles,AJS,AJS DIGITA,DIGITA,Petrol,2023-2024/Q1,282.0,238.0
Motorcycles,AJS,AJS ECO,ECO-3,Battery electric,2023-2024/Q1,1.0,
Motorcycles,AJS,AJS ECO,ECO-3,Petrol,2023-2024/Q1,18.0,20.0
Motorcycles,AJS,AJS F35,F35,Battery electric,2023-2024/Q1,1.0,
Motorcycles,AJS,AJS F35,F35,Petrol,2023-2024/Q1,7.0,1.0
Motorcycles,AJS,AJS FIREFOX,FIREFOX,Petrol,2023-2024/Q1,422.0,328.0
Motorcycles,AJS,AJS FLIGHT,FLIGHT,Petrol,2023-2024/Q1,28.0,96.0
Motorcycles,AJS,AJS HIGHWAY,HIGHWAY STAR,Petrol,2023-2024/Q1,155.0,36.0
Motorcycles,AJS,AJS INSETTO,INSETTO,Petrol,2023-2024/Q1,49.0,11.0
Motorcycles,AJS,AJS ISABA,ISABA,Petrol,2023-2024/Q1,37.0,10.0
Motorcycles,AJS,AJS JS 125,JS 125-6C,Petrol,2023-2024/Q1,33.0,54.0
Motorcycles,AJS,AJS JS 125,JS 125-E,Petrol,2023-2024/Q1,18.0,98.0
Motorcycles,AJS,AJS JS 125,JS 125-E2,Petrol,2023-2024/Q1,120.0,223.0
Motorcycles,AJS,AJS JSM 125,JSM 125,Diesel,2023-2024/Q1,0.0,
Motorcycles,AJS,AJS JSM 125,JSM 125,Petrol,2023-2024/Q1,8.0,86.0
Motorcycles,AJS,AJS JSM 50,JSM 50,Petrol,2023-2024/Q1,120.0,180.0
Motorcycles,AJS,AJS MODEL MISSING,MISSING,Diesel,2023-2024/Q1,0.0,
Motorcycles,AJS,AJS MODEL MISSING,MISSING,Petrol,2023-2024/Q1,4176.0,2180.0
Motorcycles,AJS,AJS MODENA 125,MODENA 125,Petrol,2023-2024/Q1,1498.0,893.0
Motorcycles,AJS,AJS MODENA 50,MODENA 50,Petrol,2023-2024/Q1,159.0,160.0
Motorcycles,AJS,AJS NAC 12,NAC 12,Petrol,2023-2024/Q1,19.0,173.0
Motorcycles,AJS,AJS R7,R7,Petrol,2023-2024/Q1,19.0,65.0
Motorcycles,AJS,AJS SCRAMBLER,SCRAMBLER 125,Petrol,2023-2024/Q1,49.0,7.0
Motorcycles,AJS,AJS SPT 350,SPT 350,Petrol,2023-2024/Q1,1.0,1.0
Motorcycles,AJS,AJS TEMPEST,TEMPEST ROADSTER,Petrol,2023-2024/Q1,215.0,45.0
Motorcycles,AJS,AJS TEMPEST,TEMPEST SCRAMBLER,Petrol,2023-2024/Q1,158.0,50.0
Motorcycles,AJS,AJS TN 12,TN-12,Petrol,2023-2024/Q1,39.0,60.0
Motorcycles,AJS,AJS XGJ 250,XGJ 250-21A TN25,Petrol,2023-2024/Q1,4.0,11.0
Motorcycles,AJS,AJS YX-R 125,YX-R 125,Petrol,2023-2024/Q1,2.0,42.0
Motorcycles,AJS,AJS ZN 125,ZN 125 T-30A SORVIO,Petrol,2023-2024/Q1,32.0,66.0
Motorcycles,ALBION,ALBION MODEL MISSING,MISSING,Petrol,2023-2024/Q1,0.0,0.0
Other vehicles,ABARTH,ABARTH 595,595C COMPETIZIONE,Other fuel types,2023-2024/Q1,0.0,
Other vehicles,AC,AC MODEL MISSING,MISSING,Battery electric,2023-2024/Q1,1.0,
Other vehicles,AC,AC MODEL MISSING,MISSING,Diesel,2023-2024/Q1,0.0,1.0
Other vehicles,AC,AC MODEL MISSING,MISSING,Petrol,2023-2024/Q1,5.0,0.0
Other vehicles,AC (ELECTRIC),AC (ELECTRIC) MODEL MISSING,MISSING,Battery electric,2023-2024/Q1,2.0,
Other vehicles,AC (ELECTRIC),AC (ELECTRIC) MODEL MISSING,MISSING,Diesel,2023-2024/Q1,1.0,
Other vehicles,AC (ELECTRIC),AC (ELECTRIC) MODEL MISSING,MISSING,Petrol,2023-2024/Q1,19.0,14.0
Other vehicles,ACCESS,ACCESS 450,450,Petrol,2023-2024/Q1,1.0,0.0
Other vehicles,ACCESS,ACCESS 600,600,Petrol,2023-2024/Q1,0.0,1.0
Other vehicles,ACCESS,ACCESS MODEL MISSING,MISSING,Diesel,2023-2024/Q1,0.0,0.0
Other vehicles,ACCESS,ACCESS MODEL MISSING,MISSING,Hybrid electric (petrol),2023-2024/Q1,0.0,0.0
Other vehicles,ACCESS,ACCESS MODEL MISSING,MISSING,Petrol,2023-2024/Q1,48.0,353.0
Other vehicles,ACCESS,ACCESS QUADZILLA,QUADZILLA 100E XLC,Petrol,2023-2024/Q1,0.0,3.0
Other vehicles,ACCESS,ACCESS QUADZILLA,QUADZILLA 850,Petrol,2023-2024/Q1,7.0,7.0
Other vehicles,ACCESS,ACCESS QUADZILLA,QUADZILLA SHARK,Petrol,2023-2024/Q1,0.0,3.0
Other vehicles,ACCESS,ACCESS QUADZILLA,QUADZILLA SHARK 100,Petrol,2023-2024/Q1,0.0,5.0
Other vehicles,ACURA,ACURA MODEL MISSING,MISSING,Petrol,2023-2024/Q1,0.0,
Other vehicles,ADDAX,ADDAX MODEL MISSING,MISSING,Other fuel types,2023-2024/Q1,0.0,
Other vehicles,ADLY,ADLY ATV 100,ATV-100 V,Petrol,2023-2024/Q1,0.0,1.0
Other vehicles,ADLY,ADLY ATV 300,ATV-300 (QUAD),Petrol,2023-2024/Q1,0.0,2.0
Other vehicles,ADLY,ADLY ATV 300,ATV-300 XS (QUAD),Petrol,2023-2024/Q1,3.0,12.0
Other vehicles,ADLY,ADLY ATV 320,ATV-320 (QUAD),Petrol,2023-2024/Q1,2.0,10.0
Other vehicles,ADLY,ADLY ATV 320,ATV-320 SD,Petrol,2023-2024/Q1,2.0,3.0
Other vehicles,ADLY,ADLY ATV 400,ATV-400 XS,Petrol,2023-2024/Q1,6.0,14.0
Other vehicles,ADLY,ADLY ATV 400,ATV-500 S,Petrol,2023-2024/Q1,0.0,0.0
Other vehicles,ADLY,ADLY ATV 500,ATV-500 S (QUAD BIKE),Petrol,2023-2024/Q1,0.0,0.0
Other vehicles,ADLY,ADLY ATV 500,ATV-500 S (QUAD),Petrol,2023-2024/Q1,,1.0
Other vehicles,ADLY,ADLY ATV280,ATV-280,Petrol,2023-2024/Q1,0.0,1.0
Other vehicles,ADLY,ADLY MODEL MISSING,MISSING,Battery electric,2023-2024/Q1,2.0,
Other vehicles,ADLY,ADLY MODEL MISSING,MISSING,Diesel,2023-2024/Q1,0.0,
Other vehicles,ADLY,ADLY MODEL MISSING,MISSING,Petrol,2023-2024/Q1,2.0,1.0
Other vehicles,ADLY,ADLY QUADZILLA,QUADZILLA 300E S (QUAD),Petrol,2023-2024/Q1,3.0,42.0
Other vehicles,ADLY,ADLY QUADZILLA,QUADZILLA 300E U (QUAD),Petrol,2023-2024/Q1,0.0,5.0
Other vehicles,ADLY,ADLY RT 100,RT 100,Petrol,2023-2024/Q1,0.0,1.0
Other vehicles,ADLY,ADLY SUPERSONIC,SUPERSONIC,Petrol,2023-2024/Q1,0.0,1.0
Other vehicles,AEBI,AEBI MODEL MISSING,MISSING,Diesel,2023-2024/Q1,123.0,12.0
Other vehicles,AEON,AEON AU,AU 20,Petrol,2023-2024/Q1,5.0,3.0
Other vehicles,AEON,AEON COBRA,COBRA,Petrol,2023-2024/Q1,89.0,48.0
Other vehicles,AEON,AEON COBRA,COBRA 180 (QUAD),Gas,2023-2024/Q1,0.0,1.0
Other vehicles,AEON,AEON COBRA,COBRA 180 (QUAD),Petrol,2023-2024/Q1,1.0,41.0
Other vehicles,AEON,AEON COBRA,COBRA 2 REVO (QUAD),Petrol,2023-2024/Q1,1.0,8.0
Other vehicles,AEON,AEON COBRA,COBRA 220 (QUAD BIKE),Petrol,2023-2024/Q1,0.0,0.0
Other vehicles,AEON,AEON COBRA,COBRA 220 (QUAD),Petrol,2023-2024/Q1,,1.0
Other vehicles,AEON,AEON GOES,GOES 220 (QUAD),Petrol,2023-2024/Q1,1.0,10.0
Other vehicles,AEON,AEON MODEL MISSING,MISSING,Diesel,2023-2024/Q1,0.0,1.0
Other vehicles,AEON,AEON MODEL MISSING,MISSING,Gas,2023-2024/Q1,0.0,
Other vehicles,AEON,AEON MODEL MISSING,MISSING,Petrol,2023-2024/Q1,5.0,36.0
Other vehicles,AEON,AEON OVERLAND,OVERLAND,Petrol,2023-2024/Q1,0.0,3.0
Other vehicles,AEON,AEON RA56,RA56-400,Petrol,2023-2024/Q1,8.0,8.0
Other vehicles,AEON,AEON UA20,UA 20,Petrol,2023-2024/Q1,0.0,2.0
Other vehicles,AGCO ALLIS,AGCO ALLIS MODEL MISSING,MISSING,Diesel,2023-2024/Q1,2.0,2.0
Other vehicles,AGRIFAC,AGRIFAC CONDOR,CONDOR,Diesel,2023-2024/Q1,196.0,3.0
Other vehicles,AGRIFAC,AGRIFAC MODEL MISSING,MISSING,Battery electric,2023-2024/Q1,1.0,
Other vehicles,AGRIFAC,AGRIFAC MODEL MISSING,MISSING,Diesel,2023-2024/Q1,4.0,3.0
Other vehicles,AIE,AIE MODEL MISSING,MISSING,Battery electric,2023-2024/Q1,1.0,
Other vehicles,AIE,AIE MODEL MISSING,MISSING,Petrol,2023-2024/Q1,0.0,8.0
Other vehicles,AIE,AIE QUADZILLA,QUADZILLA 4-CROSS SUV 200E,Petrol,2023-2024/Q1,2.0,26.0
Other vehicles,AIE,AIE QUADZILLA,QUADZILLA MAGMAX 100E,Petrol,2023-2024/Q1,0.0,
Other vehicles,AIXAM,AIXAM 500,500 E AUTO,Diesel,2023-2024/Q1,0.0,
Other vehicles,AIXAM,AIXAM 500,500 SL AUTO,Diesel,2023-2024/Q1,0.0,2.0
Other vehicles,AIXAM,AIXAM 500,500 SL AUTO,Petrol,2023-2024/Q1,0.0,0.0
Other vehicles,AIXAM,AIXAM 500,500 SUPER LUXE,Petrol,2023-2024/Q1,0.0,1.0
Other vehicles,AIXAM,AIXAM 500,500.5 LUXE,Diesel,2023-2024/Q1,0.0,
Other vehicles,AIXAM,AIXAM A751,A751 SUPER LUXE,Diesel,2023-2024/Q1,0.0,
Other vehicles,AIXAM,AIXAM A751,A751 SUPER LUXE,Petrol,2023-2024/Q1,0.0,0.0
Other vehicles,AIXAM,AIXAM CROSSLINE,CROSSLINE SUPER LUXE,Diesel,2023-2024/Q1,0.0,1.0
Other vehicles,AIXAM,AIXAM CROSSLINE,CROSSLINE SUPER LUXE,Petrol,2023-2024/Q1,2.0,2.0
Other vehicles,AIXAM,AIXAM MEGA,MEGA 500L DIESEL,Diesel,2023-2024/Q1,1.0,1.0
Other vehicles,AIXAM,AIXAM MEGA,MEGA 500L ELECTRIC,Battery electric,2023-2024/Q1,0.0,2.0
Other vehicles,AIXAM,AIXAM MEGA,MEGA CITY ELECTRIC,Battery electric,2023-2024/Q1,1.0,
Other vehicles,AIXAM,AIXAM MEGA,MEGA MULTITRUCK 600D L A,Battery electric,2023-2024/Q1,3.0,8.0
Other vehicles,AIXAM,AIXAM MEGA,MEGA MULTITRUCK 600E A,Battery electric,2023-2024/Q1,0.0,4.0
Other vehicles,AIXAM,AIXAM MODEL MISSING,MISSING,Diesel,2023-2024/Q1,2.0,4.0
Other vehicles,AIXAM,AIXAM MODEL MISSING,MISSING,Petrol,2023-2024/Q1,0.0,3.0
Other vehicles,AJS,AJS MODEL MISSING,MISSING,Diesel,2023-2024/Q1,3.0,2.0
Other vehicles,AJS,AJS MODEL MISSING,MISSING,Petrol,2023-2024/Q1,13.0,10.0
Other vehicles,ALBION,ALBION MODEL MISSING,MISSING,Diesel,2023-2024/Q1,15.0,3.0
Other vehicles,ALBION,ALBION MODEL MISSING,MISSING,Petrol,2023-2024/Q1,10.0,4.0
Other vehicles,ALEXANDER DENNIS,ALEXANDER DENNIS MODEL MISSING,MISSING,Diesel,2023-2024/Q1,2.0,0.0
Other vehicles,ALEXANDER DENNIS,ALEXANDER DENNIS MODEL MISSING,MISSING,Petrol,2023-2024/Q1,0.0,0.0
Other vehicles,ALFA ROMEO,ALFA ROMEO 147,147 T-SPARK LUSSO,Petrol,2023-2024/Q1,0.0,
Other vehicles,ALFA ROMEO,ALFA ROMEO 156,156 1.8 T-SPARK,Petrol,2023-2024/Q1,0.0,
Other vehicles,ALFA ROMEO,ALFA ROMEO 156,156 2.0 T-SPARK,Petrol,2023-2024/Q1,0.0,
Other vehicles,ALFA ROMEO,ALFA ROMEO 156,156 2.5 V6,Petrol,2023-2024/Q1,0.0,
